timestamps,x_array,y_array,z_array
1,0.3869,3.0564,6.5132
2,-0.31486,2.9301,7.0229
3,-0.95253,2.8168,8.4612
4,-1.2855,2.5863,10.199
5,-1.2716,2.4778,11.561
6,-1.0548,2.6144,12.632
7,-1.1857,2.5095,13.271
8,-1.2362,2.8259,13.512
9,-2.3328,2.5735,13.825
10,-3.1073,2.3153,14.354
11,-3.2667,1.9583,15.462
12,-2.6805,1.6082,16.65
13,-2.1337,1.4269,17.26
14,-2.0416,1.1463,17.191
15,-2.4284,0.70552,16.326
16,-2.3649,0.401,14.825
17,-1.9538,0.29873,13.053
18,-1.701,0.38543,11.554
19,-1.9236,0.5394,10.369
20,-2.7386,1.117,8.0199
21,-0.96592,1.3608,6.6226
22,0.11371,1.4051,5.7418
23,0.34298,1.8842,4.0824
24,0.52419,1.7488,7.3582
25,-2.2857,1.2748,17.113
26,-0.6894,1.5588,15.065
27,-0.54186,0.99937,8.1113
28,-0.001523,0.50557,4.7459
29,0.10501,1.2705,3.8871
30,-0.74411,2.9048,6.3721
31,-2.1663,0.41386,14.663
32,-1.624,-2.1234,21.927
33,-0.4516,0.52545,7.1689
34,0.79262,1.2261,3.8215
35,0.54577,1.7417,3.9034
36,0.13512,2.6245,6.5741
37,-2.3878,2.5693,18.419
38,-0.64159,1.0201,16.214
39,0.34011,0.96644,6.5893
40,-0.14349,0.51328,6.6288
41,-0.20246,1.5919,4.0079
42,-1.1099,2.2878,6.3827
43,-2.1462,0.91211,15.605
44,-1.2775,-1.0995,22.363
45,-2.2834,0.74963,6.8727
46,0.6901,0.67489,3.9766
47,0.93744,1.2554,4.7436
48,0.94082,1.9336,6.3455
49,-1.1061,2.6305,12.078
50,-3.3192,-0.13523,20.193
51,-2.1075,0.048813,9.0667
52,-0.28522,0.12576,6.0636
53,-0.33076,0.87866,3.8103
54,-0.63637,2.0665,4.3869
55,-1.3185,1.4461,16.037
56,-0.8474,-0.79944,22.646
57,-2.8924,-0.34986,8.2491
58,-0.86945,0.27411,6.2807
59,-0.14175,1.4622,5.9452
60,-0.10244,2.5374,4.4295
61,0.96475,2.4933,10.151
62,-1.7247,2.2271,17.6
63,-1.3236,1.8629,13.871
64,-1.3235,0.14269,7.8203
65,-0.99599,0.20983,5.6164
66,-2.0118,1.0573,4.9438
67,-0.85927,1.077,9.1624
68,0.44603,1.6322,7.8745
69,-0.42254,1.5237,14.084
70,-1.0379,0.92662,14.493
71,-0.9023,1.5382,7.9976
72,0.60086,2.3075,4.7817
73,0.88406,3.0348,3.1391
74,-0.19827,3.0428,7.9454
75,-1.9734,3.8161,15.718
76,-2.5219,2.0843,15.459
77,-1.3636,1.4004,7.7141
78,0.033557,1.364,7.894
79,-0.46765,1.7638,5.1718
80,-0.87839,1.9831,4.8718
81,-1.5522,2.4758,8.3394
82,-1.0119,1.1504,20.926
83,-2.2098,2.2035,13.727
84,-1.1309,1.6377,5.7118
85,1.1533,2.0553,5.3747
86,1.4932,3.0047,3.8301
87,0.57764,3.5218,7.243
88,0.33744,2.9479,14.353
89,-2.3968,2.8748,14.725
90,0.46549,1.7174,9.277
91,-0.33991,1.1569,6.3927
92,0.032485,1.4836,4.6848
93,0.094044,3.107,3.8133
94,-0.56703,2.1253,10.023
95,-1.6142,0.68444,20.526
96,-2.8042,1.8779,11.089
97,-0.9549,1.149,8.2218
98,0.41616,1.7167,5.4314
99,1.1213,2.1923,3.6243
100,0.32369,2.5602,9.6325
101,-0.90431,3.567,22.044
102,-0.24044,1.6223,9.8159
103,-0.5693,0.3407,6.996
104,-0.56599,1.3943,6.3502
105,-0.14411,2.2295,5.1529
106,-0.24068,2.2169,6.7504
107,-1.0115,2.0961,8.0144
108,-1.7114,0.36121,14.393
109,-1.5994,-0.25887,17.448
110,-2.647,-0.5566,8.379
111,-1.4364,-0.5856,9.6945
112,-0.051447,-0.13204,10.02
113,0.87446,1.1911,7.7325
114,1.7686,1.3022,9.258
115,1.8644,1.8605,7.5307
116,1.4351,1.9025,4.6905
117,1.2951,0.89129,8.5296
118,0.98291,1.3129,18.947
119,-0.23088,2.5302,11.726
120,1.2784,1.9169,8.0279
121,1.0014,1.6069,8.6722
122,0.14437,1.7757,8.6991
123,0.33629,2.3705,6.3341
124,0.35234,2.1321,6.5149
125,0.97884,3.1896,14.572
126,0.93956,1.1181,15.073
127,-0.045289,1.9578,7.872
128,0.44141,1.8338,6.648
129,0.96516,2.7165,4.4392
130,1.2073,3.145,4.8052
131,2.4792,4.1217,12.713
132,0.1571,2.4755,15.138
133,0.8632,1.6237,9.4072
134,-0.022295,1.1862,6.1329
135,0.47968,1.7521,5.1663
136,0.76933,2.9172,5.4532
137,-1.0642,2.8144,12.049
138,-2.0675,0.62354,19.386
139,-0.89915,1.3458,9.8704
140,-1.121,2.01,5.3641
141,-0.21684,1.3547,5.2635
142,-0.18635,3.0498,5.2458
143,1.4557,3.6114,9.6915
144,-1.5308,1.4906,14.881
145,-2.9349,2.1967,12.66
146,-0.33254,2.1733,7.5317
147,0.2321,2.018,5.3664
148,0.78823,2.9831,5.5186
149,0.013628,3.058,9.1934
150,2.4992,1.7396,13.623
151,0.019058,1.1403,15.572
152,0.27459,1.3264,9.3203
153,0.57445,0.70887,8.0431
154,-0.32717,1.494,5.0148
155,0.46217,1.9175,5.0287
156,0.2583,2.2201,5.8734
157,0.30839,2.4009,7.3825
158,0.4149,2.1292,9.2989
159,0.48584,1.9473,11.863
160,0.083203,1.5117,13.453
161,-0.22172,2.0951,13.598
162,-0.24404,3.2393,13.097
163,-0.2559,3.7781,13.798
164,-0.22202,3.2048,15.775
165,-0.69346,1.7253,17.024
166,0.18471,0.73953,16.083
167,1.5533,1.0053,14.437
168,2.3485,1.713,12.203
169,2.2667,1.9924,11.025
170,1.498,1.8338,10.642
171,0.75684,1.6781,10.184
172,0.42073,1.4806,9.073
173,0.5653,1.4694,7.933
174,0.81881,1.5,7.4189
175,1.053,1.4626,7.8172
176,1.0438,1.4154,8.3121
177,0.77458,1.2783,8.3277
178,0.41312,1.2489,7.9553
179,0.28084,1.1414,7.213
180,0.3436,1.2696,6.3158
181,0.48456,1.4993,5.7666
182,0.43704,1.6673,5.5264
183,0.25312,1.7632,5.4795
184,0.25288,1.8765,5.374
185,0.5069,2.006,5.3308
186,0.96552,2.1932,5.5389
187,1.103,2.393,5.9633
188,0.8111,2.2048,6.6896
189,1.044,2.4279,8.2006
190,1.3189,2.4727,10.534
191,0.99116,1.8369,12.551
192,0.74536,1.5569,14.053
193,0.10235,1.8486,15.295
194,-0.6372,2.0271,16.254
195,-1.0408,1.8666,16.892
196,-1.478,1.4123,17.063
197,-1.8996,1.3953,16.385
198,-2.3503,1.5504,14.395
199,-2.4286,2.021,12.225
200,-2.4092,2.3731,10.331
201,-2.3516,2.4092,9.0338
202,-2.1335,2.2275,7.9742
203,-1.828,2.0988,7.3762
204,-1.3494,2.1815,7.0807
205,-1.0594,2.1257,6.8336
206,-0.83244,1.9736,6.4031
207,-0.52672,1.9029,5.545
208,-0.20376,1.9578,4.7174
209,-0.043172,2.1161,4.1022
210,0.12652,2.1555,3.6553
211,0.27268,2.0559,3.3731
212,0.4233,1.9939,3.1537
213,0.57963,2.0384,2.9505
214,0.84223,2.3793,3.2955
215,0.99726,2.7769,4.2937
216,0.5995,2.6888,6.4536
217,0.089122,2.3315,9.0099
218,-0.051207,2.3429,11.19
219,-0.03167,2.8835,12.914
220,0.077409,3.2308,13.836
221,0.2258,3.8902,14.737
222,-0.40783,3.8147,16.534
223,-1.2745,3.3484,18.193
224,-1.7805,3.0852,17.867
225,-1.5719,2.8401,16.921
226,-0.77223,2.501,15.687
227,-0.10597,1.9548,13.687
228,0.20911,1.4957,11.8
229,0.31259,1.3415,10.102
230,0.081547,1.277,8.9189
231,-0.24793,1.2438,8.2507
232,-0.32301,1.0766,7.8935
233,-0.12091,0.99969,7.5691
234,0.27976,0.96881,7.5353
235,0.51056,0.83102,7.7249
236,0.58135,0.66736,7.9424
237,0.35733,0.48238,7.9408
238,0.2116,0.37632,7.4476
239,0.18575,0.50467,6.7306
240,0.058811,0.60298,5.7441
241,-0.10684,0.8107,4.8193
242,-0.073646,1.0158,4.2994
243,0.012862,1.2378,4.1069
244,-0.26689,1.2265,4.274
245,-0.50952,1.3088,4.4037
246,-0.47103,1.6072,4.5848
247,-0.26968,1.8156,5.4251
248,-0.204,1.7108,7.0472
249,-0.37187,1.4314,8.9303
250,-1.0114,1.6308,10.803
251,-1.9118,1.7976,12.064
252,-2.5675,2.044,13.882
253,-2.7163,2.6036,15.243
254,-3.8497,3.0151,17.608
255,-6.3451,2.5389,20.274
256,-6.9785,0.61693,22.214
257,-3.9249,-0.24024,22.387
258,-0.73445,-0.32134,17.507
259,0.2071,-0.29418,13.892
260,-0.022209,-0.1156,12.04
261,-0.53955,0.006426,10.286
262,-0.80894,0.18231,8.295
263,-0.78811,0.47379,6.7575
264,-0.68037,0.74216,5.8291
265,-0.36102,1.2036,4.903
266,-0.44003,1.4841,4.7038
267,-0.45211,1.4745,5.0156
268,-0.45266,1.5245,5.5158
269,-0.2924,1.4626,5.4227
270,0.21596,1.5255,4.9788
271,0.50362,1.6082,4.6468
272,0.4008,1.703,4.3618
273,0.31709,1.94,4.2469
274,0.22099,1.8467,4.6748
275,0.2349,1.8593,5.7335
276,0.3694,1.8264,6.5085
277,0.51997,1.8453,6.65
278,0.75291,2.002,6.2622
279,0.78956,2.3471,6.8143
280,0.52558,2.5469,9.1141
281,0.032341,2.7235,11.861
282,-0.15578,2.5242,13.036
283,0.34966,2.9235,13.205
284,0.50164,3.5247,14.492
285,-0.14042,3.2217,17.051
286,-1.7509,2.4536,19.643
287,-2.4919,1.7902,18.882
288,-1.8662,1.4045,16.479
289,-0.56591,1.3512,14.38
290,0.25933,1.2346,12.384
291,0.66063,1.2915,10.935
292,0.52854,1.1827,10.006
293,0.35869,1.0524,9.2336
294,0.16157,0.98481,8.4196
295,0.078175,1.0031,7.7004
296,0.097195,0.97932,7.0461
297,0.29253,0.91825,6.3797
298,0.54766,0.83215,5.9914
299,0.65503,0.79699,5.8994
300,0.53328,0.77163,5.7492
301,0.38309,0.7917,5.4088
302,0.26958,0.86891,5.0344
303,0.52521,1.0949,4.4215
304,0.73103,1.2942,4.0296
305,0.57933,1.476,4.1694
306,0.15509,1.6658,4.7805
307,-0.24403,1.9437,5.271
308,-0.48073,2.0881,5.8282
309,-0.70527,2.0299,6.7389
310,-1.0339,2.1914,8.7461
311,-1.1568,2.3084,10.667
312,-1.2108,2.6723,11.744
313,-1.2561,3.1168,13.006
314,-1.3768,3.0354,15.169
315,-1.4274,2.9739,17.484
316,-2.0351,2.5651,19.794
317,-2.6435,1.4853,20.861
318,-1.8012,1.0691,19.039
319,-0.65974,0.95827,16.066
320,0.1773,1.0527,13.348
321,0.17228,1.3069,11.563
322,-0.4737,1.5362,10.272
323,-1.3105,1.5874,9.1949
324,-1.6415,1.6843,8.1649
325,-1.531,1.7304,7.4733
326,-1.3869,1.579,7.1702
327,-1.025,1.4676,6.9852
328,-0.56679,1.4159,6.7515
329,-0.1328,1.6162,6.1972
330,0.68967,1.5484,4.0608
331,0.79668,2.2537,7.3415
332,1.4854,2.732,18.373
333,-0.053113,2.3187,11.975
334,-0.44258,1.5104,6.7687
335,-0.071548,1.3005,8.2508
336,-0.12549,2.2144,5.1522
337,0.00408,2.4853,5.5489
338,-0.6421,2.8879,11.969
339,-1.3224,1.646,17.786
340,-1.6817,2.4986,8.4536
341,0.098948,2.1892,7.234
342,0.32679,2.4724,5.3611
343,0.90931,2.495,4.034
344,1.626,3.7562,12.166
345,-0.2014,2.9186,16.863
346,0.068139,2.3482,8.7879
347,1.2858,1.4239,5.9173
348,0.47179,1.6202,4.2127
349,-0.76424,1.9609,6.6472
350,-0.57024,1.3412,18.196
351,-0.93405,0.92275,18.291
352,-2.1932,0.12277,9.1835
353,-0.34034,0.74683,5.5087
354,0.38444,2.0504,4.3578
355,0.3677,2.3682,5.4372
356,1.5987,2.3314,12.435
357,-1.8774,2.4246,18.499
358,-0.13442,1.281,9.9095
359,0.34287,0.71601,6.6299
360,0.54585,0.66025,6.4074
361,0.090644,1.6748,4.0986
362,-0.88752,1.4271,14.334
363,-0.29946,3.8838,16.39
364,-0.74211,1.707,10.519
365,-0.78113,0.2837,7.2976
366,1.0252,1.675,6.0173
367,1.4628,2.6821,5.2248
368,1.3537,3.8146,5.6318
369,1.6193,3.5031,12.848
370,-0.017794,1.767,14.749
371,-0.1276,0.60021,10.514
372,-1.0736,0.85759,8.3165
373,-1.3728,1.1729,7.0452
374,-0.51491,0.81517,5.926
375,-0.73255,-0.30893,8.0656
376,-1.1549,-1.5785,12.011
377,-0.3876,-2.2752,16.79
378,-2.117,-0.61808,8.7311
379,-1.0325,-0.80054,9.9323
380,1.1684,0.27055,9.3221
381,1.2757,0.36261,9.257
382,1.1859,0.41492,8.865
383,1.4534,0.65734,8.2135
384,1.5823,1.015,7.5215
385,1.3172,1.2045,6.9031
386,1.0696,1.392,6.2147
387,0.9595,1.5697,5.473
388,1.1193,1.936,4.8459
389,1.2198,2.2865,4.758
390,1.1126,2.3833,5.1553
391,0.69604,2.2295,6.055
392,0.6559,2.1476,6.5324
393,0.77751,2.1357,6.7428
394,0.60613,2.0987,6.7874
395,0.39513,1.9149,7.5265
396,0.2982,1.8669,9.1844
397,0.13847,1.069,11.885
398,-0.23249,0.2044,14.836
399,0.55495,0.57359,16.242
400,1.7866,1.5975,16.957
401,2.0693,1.8089,17.56
402,1.6194,1.7222,17.315
403,1.0524,1.7924,15.675
404,0.53338,2.3315,13.744
405,-0.16406,2.6427,12.345
406,-0.62781,2.3954,11.622
407,-0.34719,2.0523,10.882
408,0.25919,1.769,9.9177
409,0.6521,1.6235,9.2822
410,0.82321,1.481,8.9265
411,0.84113,1.257,8.526
412,1.0242,0.96429,7.8154
413,1.2085,0.82324,6.9981
414,1.2983,0.9135,6.6715
415,1.3312,1.1928,6.7384
416,1.3251,1.2859,6.5434
417,1.3395,1.363,6.0544
418,1.3222,1.4998,5.4247
419,1.287,1.5837,4.8143
420,1.0314,1.5597,4.1388
421,0.74842,1.673,3.5646
422,0.56991,1.7713,3.2129
423,0.75119,1.9102,3.4592
424,0.84374,1.7851,4.6304
425,0.74663,1.3694,6.2202
426,0.59546,1.2568,7.6039
427,0.70808,1.4669,8.9288
428,0.97327,1.3366,11.549
429,1.053,0.68779,14.631
430,1.4047,1.2498,15.6
431,0.9094,2.3828,14.017
432,0.27014,3.7413,12.452
433,0.13276,4.4431,12.626
434,0.43304,3.8032,14.501
435,0.68114,2.8933,16.339
436,0.71407,1.5178,17.726
437,1.3347,0.759,17.161
438,1.6613,0.98474,15.187
439,1.2612,1.2001,12.899
440,0.568,1.389,11.096
441,-0.59098,1.4729,10.07
442,-1.4392,1.5817,9.0619
443,-1.6363,1.8025,7.8095
444,-1.0936,2.2126,7.0819
445,-0.55991,2.095,7.1892
446,0.041084,1.8287,7.5775
447,0.61535,1.6346,7.6152
448,1.0919,1.6325,7.2733
449,1.2762,1.7729,6.5969
450,1.1828,1.9983,5.7809
451,0.9064,2.2023,4.9877
452,0.66011,2.2503,4.3941
453,0.43252,2.2104,3.8521
454,0.22893,2.1854,3.2622
455,0.29137,2.3036,2.9032
456,0.45399,2.4132,2.9642
457,0.75787,2.5957,3.6863
458,0.68579,2.4325,5.6682
459,0.85174,1.8989,8.5326
460,1.7618,1.5969,11.24
461,2.8158,2.3812,13.981
462,2.4583,3.7601,15.682
463,0.84025,4.6029,16.217
464,-0.13659,4.7256,16.004
465,-0.12279,4.0366,18.213
466,0.6666,2.9134,19.982
467,1.644,2.3673,18.387
468,1.6437,2.0634,15.028
469,1.6224,2.1755,11.707
470,1.2093,2.313,9.2766
471,0.37212,2.1205,7.8559
472,-0.15042,1.9716,7.1119
473,-0.15325,1.7769,6.5217
474,0.18976,1.6567,6.3874
475,0.49031,1.7282,6.4497
476,0.65089,1.5652,6.441
477,0.91435,1.5324,6.1625
478,1.028,1.4996,5.8384
479,0.93415,1.55,5.4785
480,0.68822,1.6069,5.1254
481,0.40259,1.6368,4.7327
482,0.032456,1.7067,4.3973
483,-0.33042,1.8185,3.9362
484,-0.42031,2.2656,3.6523
485,-0.1974,2.6064,3.7882
486,0.19419,2.5629,4.8502
487,0.022151,1.9838,6.0083
488,-0.02716,1.6722,7.4371
489,0.42246,1.8265,9.4414
490,0.67848,2.6268,11.741
491,-0.21879,2.8559,12.17
492,-0.74541,3.2946,11.393
493,-0.47165,3.0687,13.876
494,-0.71483,2.327,19.951
495,-2.2482,1.5433,24.246
496,-4.1217,0.43784,23.578
497,-3.5237,0.79145,19.057
498,-2.5566,1.2214,13.964
499,-1.8793,1.7,10.464
500,-1.8591,1.6656,9.3332
501,-1.5915,1.6413,9.0936
502,-1.2693,1.3681,8.4225
503,-0.80752,1.2636,7.3953
504,-0.50176,1.2858,6.4376
505,-0.51149,1.3243,5.785
506,-0.40163,1.3942,5.3894
507,-0.46958,1.5472,5.4011
508,-0.50594,1.7138,5.2789
509,-0.46034,2.0057,4.9764
510,-0.29976,2.2129,4.7406
511,0.12714,2.4061,4.8242
512,0.4692,2.4007,5.1739
513,0.27885,2.284,6.0259
514,0.12413,2.1499,6.365
515,0.31699,2.5732,6.5304
516,0.40928,2.712,6.8893
517,0.35924,2.6274,7.449
518,0.90515,2.9425,7.679
519,1.2488,3.3581,9.0366
520,1.1997,3.7392,11.407
521,0.98378,3.8046,14.406
522,0.24679,3.109,16.592
523,-0.20897,2.8498,17.245
524,-0.32609,2.5514,16.971
525,-0.096189,2.3554,16.771
526,-0.090807,2.1886,16.488
527,-0.48565,2.1153,15.19
528,-0.99513,2.1582,13.083
529,-1.2763,2.2976,10.767
530,-1.3342,2.2587,8.9685
531,-1.2935,2.1049,7.6178
532,-1.0862,1.9293,6.8423
533,-0.77771,1.6309,6.5494
534,-0.32434,1.4011,6.4499
535,0.11116,1.166,6.2087
536,0.54492,1.089,5.675
537,0.74074,1.0695,5.0956
538,0.62442,1.0762,4.644
539,0.36442,1.1613,4.3484
540,0.099944,1.2652,4.0501
541,-0.1389,1.4811,3.9271
542,-0.24801,1.7261,3.9598
543,-0.45994,1.7388,4.5785
544,-0.83816,1.6087,5.8462
545,-1.1088,1.5268,7.091
546,-1.4423,1.5315,8.1984
547,-1.6767,1.1708,8.3094
548,-1.0984,1.1824,8.7442
549,-0.40962,1.418,10.154
550,-1.3963,1.0428,11.098
551,-2.1001,0.81345,11.524
552,-1.6883,1.2603,12.446
553,-0.87203,1.0131,15.196
554,-0.5307,-0.56632,21.359
555,-2.2686,1.4432,10.221
556,-0.97185,1.1351,7.0579
557,-0.11999,1.6724,4.9005
558,0.50475,2.7985,7.0724
559,0.89076,3.9443,14.115
560,-0.47651,1.7189,13.975
561,-1.0522,0.95672,8.1619
562,-0.33736,0.81425,6.473
563,-0.47962,0.87271,4.0986
564,-0.1196,0.97973,7.1454
565,-1.6527,1.9692,18.175
566,-1.5828,0.17363,16.786
567,-1.6183,0.28514,7.2247
568,0.17908,0.82129,4.5175
569,0.27736,2.1985,3.9012
570,0.12487,2.5673,8.6092
571,0.50838,2.2597,15.041
572,-1.3585,2.4057,18.997
573,-1.6478,2.0793,18.542
574,-1.0841,1.7305,16.643
575,-0.77377,1.1453,15.241
576,-0.62445,1.0647,14.324
577,-0.49126,1.0779,12.832
578,-0.45607,1.1186,11.454
579,-0.78446,0.94719,10.189
580,-0.90193,0.78473,8.8039
581,-0.72058,0.65831,7.5148
582,-0.41608,0.66514,6.6216
583,-0.11694,0.63704,6.187
584,-0.038987,0.65209,6.0983
585,-0.2861,0.59394,5.9942
586,-0.25036,0.5518,5.1655
587,-0.056723,0.65678,4.2112
588,0.039073,0.7294,3.3894
589,-0.046859,0.89058,2.8205
590,-0.16237,1.0257,2.5626
591,-0.099244,1.1386,2.4491
592,-0.092129,1.3003,2.7222
593,-0.011167,1.461,3.1794
594,0.33995,1.4967,3.9938
595,0.7375,1.3683,7.1907
596,0.16725,0.61222,10.365
597,0.41037,0.85474,11.487
598,-0.14613,0.87821,12.832
599,-0.071328,1.604,13.617
600,0.1912,2.7469,14.846
601,-1.0941,3.063,16.016
602,-2.0278,3.01,16.97
603,-2.0259,3.1634,17.772
604,-1.8502,2.9812,19.201
605,-1.9027,2.2564,19.618
606,-1.7229,1.1561,17.818
607,-1.3812,0.70265,14.996
608,-1.2249,0.62684,12.558
609,-1.3605,0.67271,10.963
610,-2.0059,0.4261,9.8047
611,-2.3227,0.34965,8.5112
612,-2.0579,0.49902,7.2058
613,-1.5825,0.72381,6.3286
614,-1.2629,0.74284,5.6809
615,-0.87655,0.83192,5.4896
616,-0.29013,1.2026,5.8317
617,0.089285,1.4056,6.3131
618,0.37703,1.5144,6.675
619,0.51106,1.5713,6.5579
620,0.68418,1.6414,5.9001
621,0.96849,1.9944,5.1999
622,1.0511,2.1928,5.1403
623,1.0381,2.263,5.6149
624,0.82701,2.17,5.6676
625,0.92977,2.3388,5.3353
626,1.4555,2.7928,5.0965
627,1.8148,2.7478,5.6803
628,1.5676,2.3858,6.9226
629,1.2526,2.7629,8.242
630,0.65755,3.361,9.5392
631,0.53261,3.7715,11.366
632,0.92469,3.8279,12.672
633,0.92035,3.7769,13.604
634,-0.49001,3.7785,14.822
635,-1.9251,3.7354,16.528
636,-2.1736,3.0346,17.384
637,-0.7831,2.3084,15.982
638,0.83338,2.2761,13.563
639,1.1253,2.1951,11.925
640,0.8097,2.4072,11.421
641,-0.000287,2.1169,11.171
642,-0.5728,1.5723,10.57
643,-0.51062,1.2797,9.045
644,-0.22315,1.0846,7.4253
645,0.2411,1.1849,6.5984
646,0.55426,1.2691,6.4517
647,0.60878,1.1784,6.3098
648,0.42873,1.0159,6.069
649,0.29927,0.93688,5.4726
650,0.31172,1.0486,4.7321
651,0.29472,1.326,4.1035
652,0.30784,1.7979,3.7977
653,0.25058,2.2191,3.78
654,0.00838,2.3881,4.3536
655,-0.34043,2.3106,5.598
656,-0.44794,2.1257,6.8681
657,-0.12481,2.3485,8.238
658,0.089275,2.808,9.3874
659,0.13949,3.1185,10.201
660,-0.34835,3.1618,11.421
661,-1.1998,3.3654,13.988
662,-1.1822,3.3693,15.832
663,-1.5898,3.1405,16.536
664,-1.6145,3.151,14.895
665,-1.205,3.1723,14.757
666,-1.3496,1.7767,17.009
667,-0.88865,0.57116,17.516
668,-0.00203,0.007422,15.349
669,0.66657,-0.24544,12.033
670,1.1665,-0.047022,9.8991
671,0.88669,0.16012,9.2604
672,0.032887,0.33095,9.3107
673,-0.69552,0.31813,9.0622
674,-1.069,0.37721,8.4609
675,-0.7316,0.65274,7.5158
676,-0.30151,0.87093,6.4578
677,0.043239,1.1208,5.421
678,0.19188,1.3747,5.2896
679,0.23966,1.4322,5.6512
680,0.38648,1.4371,6.0033
681,0.56746,1.5413,5.8491
682,0.76548,1.8135,5.455
683,0.83743,2.1235,4.9484
684,0.6856,2.2706,5.0544
685,0.66095,2.246,5.3757
686,0.70403,2.0586,6.5443
687,0.60445,1.9291,8.1472
688,0.78809,2.0557,8.6813
689,1.0332,2.4181,8.5869
690,1.1853,2.5017,8.8734
691,1.1548,2.1159,9.5495
692,1.123,2.1118,10.771
693,1.3156,2.5446,11.518
694,1.1845,3.1647,12.308
695,0.73004,3.4406,14.396
696,0.38222,2.5376,16.361
697,-0.57315,1.8119,17.782
698,-1.6726,1.4235,17.655
699,-1.9648,1.1852,16.34
700,-1.4521,0.99066,14.901
701,-0.90599,0.92941,13.59
702,-0.81015,0.73713,12.112
703,-1.2901,0.48903,10.752
704,-1.7189,0.20873,9.5597
705,-1.6945,-0.015074,8.2531
706,-1.286,-0.12717,6.9251
707,-0.88251,-0.076318,6.349
708,-0.80702,0.038978,6.5747
709,-0.74472,0.12391,6.8157
710,-0.80655,0.14315,6.6681
711,-0.91909,0.24495,6.0472
712,-0.99117,0.46693,5.4429
713,-0.95082,0.65339,4.9138
714,-0.9256,0.89933,4.8316
715,-1.0192,0.94627,4.9089
716,-1.0051,1.0156,5.3594
717,-0.58365,1.1938,6.1117
718,-0.003045,1.2202,7.1261
719,0.19101,1.2577,7.9749
720,0.074757,1.3514,8.0616
721,0.03258,1.472,8.1123
722,0.47812,1.4785,9.5197
723,0.87567,1.4965,11.163
724,1.0969,2.0458,12.118
725,0.99737,2.4954,12.487
726,0.77179,3.2654,13.508
727,0.33682,3.5555,14.638
728,-0.4449,3.0237,15.362
729,-1.2751,2.3981,16.042
730,-1.6072,1.2618,16.757
731,-0.56042,0.46582,16.477
732,0.24481,0.068158,14.487
733,0.5652,0.4201,12.479
734,0.26059,0.69417,11.185
735,-0.30881,0.7493,10.389
736,-0.66296,0.81801,9.56
737,-0.84159,0.89353,8.6616
738,-0.68742,1.178,7.8899
739,-0.58497,1.4136,7.4247
740,-0.3151,1.6355,7.2092
741,-0.046084,1.8087,7.1521
742,0.16379,1.9062,6.9798
743,0.38136,1.9997,6.7169
744,0.50182,2.1089,6.1299
745,0.79318,2.2923,5.4421
746,0.86264,2.8754,3.5296
747,0.70629,2.9806,8.8466
748,0.019115,2.5458,18.633
749,0.11768,2.2741,12.223
750,0.005229,1.456,7.825
751,-1.1826,-0.22031,5.7296
752,0.23664,1.0199,5.5053
753,1.4639,3.207,7.2027
754,-1.4681,4.2672,16.918
755,1.1432,0.80615,14.617
756,-0.58215,2.0539,7.1849
757,0.79385,2.7798,5.5199
758,0.97875,2.4825,2.7439
759,0.88036,2.7947,6.6175
760,0.92582,2.4967,15.308
761,2.0637,2.3425,15.789
762,0.89084,1.1913,9.2477
763,0.65589,0.76769,6.4427
764,0.34219,1.5813,4.8887
765,0.06652,2.1028,5.4807
766,-0.017181,3.2649,15.759
767,0.026576,1.3142,15.244
768,-1.329,1.026,6.7349
769,0.096774,1.2752,5.2143
770,0.24088,2.328,3.7807
771,0.56791,2.197,9.1483
772,1.2779,3.1373,15.226
773,-0.092531,1.0766,16.396
774,0.43588,1.0871,7.9285
775,1.0596,0.35196,7.3499
776,0.37469,0.64235,4.7702
777,0.82371,1.1847,5.4632
778,0.23829,2.0682,12.328
779,-0.74127,2.4929,18.128
780,-0.41868,0.67497,11.001
781,0.43873,0.78674,8.0472
782,0.92911,1.4457,7.5426
783,1.6317,2.3504,6.6835
784,1.9497,1.5263,5.8531
785,1.8532,-0.30034,8.0973
786,0.54064,-0.007614,15.671
787,1.1096,1.087,13.966
788,0.94095,0.32058,8.853
789,1.9176,0.1643,9.6179
790,0.69181,0.72704,11.804
791,-0.49318,1.4818,7.284
792,0.098105,1.7582,4.362
793,0.48318,1.4841,7.5251
794,-0.81773,3.1549,16.904
795,0.10638,2.287,15.804
796,-2.5907,0.71994,9.8569
797,-1.3646,0.17932,6.0467
798,-0.68037,1.7213,3.5789
799,-0.077764,2.8247,5.011
800,0.73199,2.7319,10.141
801,-0.10425,4.3806,15.001
802,-0.15043,1.5706,14.719
803,-1.3292,1.0101,8.2794
804,-0.70411,0.76723,6.6143
805,0.5024,1.4578,3.6869
806,1.26,2.253,4.4643
807,-1.5153,2.4606,15.514
808,-2.4038,0.70152,21.061
809,-1.7118,0.47754,7.9821
810,-0.30294,0.94093,6.4525
811,-0.062537,2.3125,7.1058
812,0.37484,2.9752,6.8867
813,0.94406,2.9902,7.7282
814,-0.76634,2.2296,15.893
815,0.28127,2.2522,12.283
816,0.88789,2.0643,9.7015
817,-0.55789,1.4345,7.055
818,1.1041,1.17,4.3941
819,1.2737,2.3025,6.1954
820,-1.1564,3.506,8.708
821,-2.0846,5.2849,18.507
822,-0.75107,1.8873,12.899
823,0.20079,0.97247,6.5727
824,0.39031,1.058,7.6507
825,0.046591,0.94484,7.341
826,0.6896,2.3938,7.7227
827,1.6519,3.2504,9.6932
828,-0.89873,2.8022,17.645
829,0.93961,2.8805,9.2992
830,0.98408,0.54145,7.3395
831,0.57898,0.31527,5.6113
832,0.26971,3.0509,3.5022
833,-1.166,4.5055,9.2086
834,0.50743,4.3549,14.464
835,0.98727,1.0736,15.594
836,-0.21256,1.7438,9.9565
837,-0.18664,0.71647,7.1404
838,1.2912,0.54573,4.9424
839,0.42128,1.4316,5.2063
840,-0.75275,2.6011,10.42
841,-2.2165,3.4615,20.26
842,1.6787,1.7282,10.048
843,-0.013465,0.47522,8.2879
844,-0.24866,0.77631,5.6769
845,0.02332,1.7666,4.8455
846,1.5291,2.5058,9.277
847,1.2913,3.4816,14.473
848,-0.022553,1.2481,15.823
849,-1.1963,1.3527,6.8203
850,0.98611,1.1897,4.3585
851,1.0195,2.1786,3.1095
852,1.4478,1.8945,8.945
853,-0.94351,3.4321,15.156
854,0.28639,1.229,15.206
855,0.33706,1.6493,6.934
856,1.3754,0.30198,7.8445
857,0.24918,0.62283,3.8855
858,0.45883,1.1968,7.1777
859,-1.3296,2.5367,15.296
860,-2.4178,1.2285,19.258
861,-1.9181,0.55649,7.9066
862,-0.071347,0.2795,5.0235
863,0.77179,0.87703,4.0828
864,-0.11821,1.4978,8.2408
865,0.29406,2.5922,12.186
866,-0.69349,3.4898,16.914
867,0.027725,1.3477,12.401
868,0.19544,0.2356,7.0029
869,0.37828,0.086498,5.166
870,0.029181,1.3351,3.2639
871,-0.19075,1.8721,10.636
872,0.06472,2.0233,16.206
873,-0.88227,0.302,13.406
874,-1.3101,0.7443,6.5989
875,0.33661,1.3202,6.3416
876,-0.1924,2.3916,4.9857
877,0.42528,2.5984,8.1602
878,0.81192,2.6493,9.8244
879,-0.19404,2.6734,15.752
880,-0.036047,1.652,9.0961
881,0.76242,0.54955,7.6476
882,-0.055804,0.63303,4.2822
883,-0.67163,0.95523,8.4001
884,-3.5041,3.239,14.236
885,-2.7078,1.3902,15.879
886,-2.2028,0.60357,7.3435
887,-0.63167,0.81307,5.1799
888,-0.48716,2.0539,3.9872
889,0.09414,2.9425,7.6723
890,-0.29123,3.8851,13.019
891,-1.1479,2.7003,18.274
892,0.53492,1.6269,7.7533
893,0.098986,1.0281,6.0059
894,-0.11897,0.86726,3.7531
895,-1.1886,1.8421,5.9565
896,-0.58457,2.6105,14.162
897,-1.3164,1.7793,18.34
898,-1.5461,0.70223,9.4798
899,-1.0777,0.59389,6.8169
900,0.099599,1.4737,4.2902
901,-0.14428,2.5914,3.7895
902,1.1658,2.9825,11.691
903,-0.059616,3.7816,16.804
904,-0.32366,1.8634,10.848
905,0.022324,0.85126,8.3645
906,0.41411,0.63147,7.1314
907,0.082849,1.1648,4.1264
908,-1.5109,1.4141,7.9635
909,-2.1876,1.7267,12.869
910,-1.15,0.5619,16.477
911,-2.5873,0.51196,8.7553
912,-1.6588,0.7533,8.123
913,-0.17567,1.7296,6.5791
914,0.79076,2.0681,4.873
915,1.1862,2.2414,8.0586
916,-1.2582,0.66787,18.889
917,-1.1343,0.14267,13.279
918,-1.0447,-0.70981,7.9797
919,-1.1966,-0.37769,9.1977
920,-0.47947,0.05092,8.7967
921,0.22136,-0.048957,8.819
922,0.13302,-0.44071,10.233
923,-0.82589,0.080953,11.001
924,-0.24088,0.39938,10.667
925,-0.37504,1.1146,9.972
926,-1.3188,1.4707,9.1236
927,-0.53129,2.1076,8.9338
928,-0.25992,2.6812,8.3942
929,-0.42294,2.956,6.0619
930,-0.68608,2.936,4.5702
931,-0.45907,2.1742,12.629
932,-0.53681,1.8635,17.093
933,0.68411,1.7325,9.7556
934,0.70107,1.3051,8.3322
935,0.84671,1.642,8.2656
936,0.70916,1.4036,5.6811
937,0.69879,1.1954,5.0155
938,0.071146,1.9616,10.909
939,-1.9768,2.9709,20.203
940,-0.8263,0.82109,10.679
941,-1.406,0.70642,6.0754
942,-0.35324,1.3736,6.6574
943,1.3543,1.9837,5.6252
944,1.5358,2.5749,5.7605
945,1.6247,3.6423,14.319
946,0.21816,2.0081,15.316
947,0.27377,1.4429,7.5817
948,0.025934,1.4235,6.3594
949,0.20913,1.2858,4.8067
950,-0.58125,1.1088,6.1603
951,-1.4774,1.3767,13.801
952,-3.1872,1.44,18.18
953,-2.0555,1.0452,11.168
954,-1.9902,0.69079,7.0464
955,-0.080886,1.0907,5.1187
956,-0.57496,2.1346,4.246
957,0.22233,2.2092,13.032
958,-1.1278,2.2317,16.517
959,-0.91597,0.58274,11.353
960,-0.24439,0.076193,7.9632
961,-0.99436,0.77417,6.5849
962,-0.44011,1.3383,3.7369
963,-0.24037,1.5528,6.6923
964,-3.4611,1.2961,14.829
965,-1.3116,0.67734,15.615
966,-3.0624,0.61723,8.6844
967,-1.0277,1.1306,6.8345
968,-0.18396,1.8015,5.5231
969,0.40672,2.3735,4.694
970,1.6554,1.654,11.725
971,-0.002586,0.49294,17.057
972,-0.68305,0.74112,9.954
973,-0.27031,0.73843,7.114
974,-0.2735,0.75913,5.4078
975,-0.24448,1.1423,5.3421
976,-0.38581,1.645,10.581
977,-1.7585,0.96903,17.426
978,-1.3114,-0.39623,11.805
979,-1.5329,-0.29484,6.9036
980,0.17126,0.97558,6.4893
981,0.30617,2.201,4.5649
982,0.48515,2.242,8.7859
983,0.39445,1.7593,15.907
984,-0.64026,0.2169,15.513
985,-0.087666,-0.29415,8.2343
986,-0.74523,-0.028338,7.2048
987,-0.49086,0.80484,5.8712
988,-0.21824,1.2985,6.8652
989,-0.69985,1.7686,13.672
990,-2.0909,0.49248,15.827
991,-0.78963,0.61294,8.6285
992,-0.062211,1.2403,5.5909
993,0.97628,2.2946,4.0178
994,0.80244,2.929,6.7619
995,1.2195,3.4704,11.006
996,-3.4194,2.2903,19.747
997,-1.044,1.3148,11.414
998,-0.091698,0.58391,4.9716
999,-0.6616,0.72467,4.5114
1000,-1.1579,1.7393,7.3031
1001,-0.99682,2.7236,10.621
1002,-3.5187,2.4652,14.369
1003,-1.182,0.62735,14.113
1004,-2.7612,1.8051,7.7195
1005,-0.36558,1.9451,7.1858
1006,-0.13433,2.453,4.8127
1007,0.99527,2.7503,5.6844
1008,-0.083941,2.8485,9.5153
1009,-3.0508,0.37721,17.188
